<?xml version="1.0" encoding="UTF-8"?><InteractionHistory Id="local-1" Version="1"><InteractionEvent Delta="null" EndDate="2016-01-18 14:19:33.722 JST" Interest="298.70303" Kind="propagation" Navigation="org.eclipse.mylyn.core.model.edges.containment" OriginId="org.eclipse.mylyn.core.model.interest.propagation" StartDate="2016-01-15 17:24:39.147 JST" StructureHandle="" StructureKind="java" NumEvents="118" CreationCount="9"/><InteractionEvent Delta="null" EndDate="2016-01-19 15:35:05.700 JST" Interest="20.0" Kind="propagation" Navigation="null" OriginId="org.eclipse.jdt.ui.PackageExplorer" StartDate="2016-01-17 14:36:18.732 JST" StructureHandle="/demo" StructureKind="resource" NumEvents="20" CreationCount="463"/><InteractionEvent Delta="null" EndDate="2016-01-17 14:32:32.951 JST" Interest="153.0" Kind="propagation" Navigation="null" OriginId="org.eclipse.wb.core.guiEditor" StartDate="2016-01-16 14:03:09.300 JST" StructureHandle="/test_han/src/han1/demo.java" StructureKind="resource" NumEvents="153" CreationCount="168"/><InteractionEvent Delta="null" EndDate="2016-01-19 15:34:47.58 JST" Interest="23.0" Kind="propagation" Navigation="null" OriginId="org.eclipse.jdt.ui.PackageExplorer" StartDate="2016-01-18 19:09:56.608 JST" StructureHandle="/han2" StructureKind="resource" NumEvents="23" CreationCount="1030"/><InteractionEvent Delta="null" EndDate="2016-01-19 15:44:04.525 JST" Interest="1.0" Kind="selection" Navigation="null" OriginId="org.eclipse.ui.navigator.ProjectExplorer" StartDate="2016-01-19 15:44:04.525 JST" StructureHandle="=testdemo" StructureKind="java"/><InteractionEvent Delta="null" EndDate="2016-01-17 14:32:32.967 JST" Interest="289.0" Kind="propagation" Navigation="null" OriginId="org.eclipse.wb.core.guiEditor" StartDate="2016-01-16 14:01:38.337 JST" StructureHandle="/test_han/src/han1" StructureKind="resource" NumEvents="289" CreationCount="168"/><InteractionEvent Delta="null" EndDate="2016-01-18 16:03:06.500 JST" Interest="4.0" Kind="propagation" Navigation="org.eclipse.mylyn.core.model.edges.containment" OriginId="org.eclipse.mylyn.core.model.interest.propagation" StartDate="2016-01-18 16:02:57.873 JST" StructureHandle="=jsprest/src" StructureKind="java" NumEvents="4" CreationCount="801"/><InteractionEvent Delta="null" EndDate="2016-01-18 18:50:39.523 JST" Interest="94.0" Kind="propagation" Navigation="null" OriginId="org.eclipse.jdt.ui.CompilationUnitEditor" StartDate="2016-01-18 18:04:24.162 JST" StructureHandle="/project1/src/com/sample/HelloWorld.java" StructureKind="resource" NumEvents="94" CreationCount="865"/><InteractionEvent Delta="null" EndDate="2016-01-16 16:36:03.408 JST" Interest="18.0" Kind="propagation" Navigation="null" OriginId="org.eclipse.jdt.ui.PackageExplorer" StartDate="2016-01-15 17:39:04.122 JST" StructureHandle="/Test2" StructureKind="resource" NumEvents="18" CreationCount="80"/><InteractionEvent Delta="null" EndDate="2016-01-19 15:43:47.708 JST" Interest="1.0" Kind="selection" Navigation="null" OriginId="org.eclipse.ui.navigator.ProjectExplorer" StartDate="2016-01-19 15:43:47.708 JST" StructureHandle="=customtest" StructureKind="java"/><InteractionEvent Delta="null" EndDate="2016-01-18 14:19:21.149 JST" Interest="2.0" Kind="selection" Navigation="null" OriginId="org.eclipse.ui.navigator.ProjectExplorer" StartDate="2016-01-17 15:20:55.418 JST" StructureHandle="/test1_demo/WebContent" StructureKind="resource" NumEvents="2" CreationCount="1"/><InteractionEvent Delta="null" EndDate="2016-01-18 14:59:59.511 JST" Interest="93.346" Kind="propagation" Navigation="org.eclipse.mylyn.core.model.edges.containment" OriginId="org.eclipse.mylyn.core.model.interest.propagation" StartDate="2016-01-17 15:06:17.711 JST" StructureHandle="/test1_demo/WebContent" StructureKind="resource" NumEvents="115" CreationCount="1"/><InteractionEvent Delta="null" EndDate="2016-01-18 15:52:39.909 JST" Interest="46.0" Kind="edit" Navigation="null" OriginId="org.eclipse.jst.jsp.core.jspsource.source" StartDate="2016-01-18 15:04:14.244 JST" StructureHandle="/jsptest/sample.jsp" StructureKind="resource" NumEvents="46" CreationCount="754"/><InteractionEvent Delta="null" EndDate="2016-01-18 15:04:14.228 JST" Interest="1.0" Kind="selection" Navigation="null" OriginId="org.eclipse.jst.jsp.core.jspsource.source" StartDate="2016-01-18 15:04:14.228 JST" StructureHandle="/jsptest/sample.jsp" StructureKind="resource"/><InteractionEvent Delta="null" EndDate="2016-01-18 15:04:14.104 JST" Interest="1.0" Kind="propagation" Navigation="null" OriginId="org.eclipse.mylyn.resources.ui.interest.updater" StartDate="2016-01-18 15:04:14.104 JST" StructureHandle="/jsptest/sample.jsp" StructureKind="resource"/><InteractionEvent Delta="null" EndDate="2016-01-18 18:58:22.578 JST" Interest="1.0" Kind="selection" Navigation="null" OriginId="org.eclipse.jdt.ui.PackageExplorer" StartDate="2016-01-18 18:58:22.578 JST" StructureHandle="=jsptest" StructureKind="java"/><InteractionEvent Delta="null" EndDate="2016-01-18 15:52:39.909 JST" Interest="34.2" Kind="propagation" Navigation="org.eclipse.mylyn.core.model.edges.containment" OriginId="org.eclipse.mylyn.core.model.interest.propagation" StartDate="2016-01-18 15:04:14.104 JST" StructureHandle="=jsptest" StructureKind="java" NumEvents="48" CreationCount="754"/><InteractionEvent Delta="null" EndDate="2016-01-18 19:08:54.411 JST" Interest="5.0" Kind="edit" Navigation="null" OriginId="org.eclipse.wst.html.core.htmlsource.source" StartDate="2016-01-18 19:08:46.205 JST" StructureHandle="/hanweb/hanFile.html" StructureKind="resource" NumEvents="5" CreationCount="1024"/><InteractionEvent Delta="null" EndDate="2016-01-18 19:18:52.672 JST" Interest="6.0" Kind="selection" Navigation="null" OriginId="org.eclipse.jdt.ui.PackageExplorer" StartDate="2016-01-18 19:08:46.127 JST" StructureHandle="/hanweb/hanFile.html" StructureKind="resource" NumEvents="6" CreationCount="1024"/><InteractionEvent Delta="null" EndDate="2016-01-18 19:08:45.909 JST" Interest="1.0" Kind="propagation" Navigation="null" OriginId="org.eclipse.mylyn.resources.ui.interest.updater" StartDate="2016-01-18 19:08:45.909 JST" StructureHandle="/hanweb/hanFile.html" StructureKind="resource"/><InteractionEvent Delta="null" EndDate="2016-01-18 18:30:26.271 JST" Interest="19.9" Kind="propagation" Navigation="org.eclipse.mylyn.core.model.edges.containment" OriginId="org.eclipse.mylyn.core.model.interest.propagation" StartDate="2016-01-18 18:16:09.970 JST" StructureHandle="=project1/src&amp;lt;com.back" StructureKind="java" NumEvents="22" CreationCount="945"/><InteractionEvent Delta="null" EndDate="2016-01-16 16:36:15.327 JST" Interest="3.0" Kind="selection" Navigation="null" OriginId="org.eclipse.jdt.ui.PackageExplorer" StartDate="2016-01-15 17:45:13.905 JST" StructureHandle="=test222" StructureKind="java" NumEvents="3" CreationCount="106"/><InteractionEvent Delta="null" EndDate="2016-01-15 17:46:06.56 JST" Interest="51.119" Kind="propagation" Navigation="org.eclipse.mylyn.core.model.edges.containment" OriginId="org.eclipse.mylyn.core.model.interest.propagation" StartDate="2016-01-15 17:41:35.645 JST" StructureHandle="=test222" StructureKind="resource" NumEvents="53" CreationCount="106"/><InteractionEvent Delta="null" EndDate="2016-01-18 18:57:58.679 JST" Interest="12.0" Kind="selection" Navigation="null" OriginId="org.eclipse.jdt.ui.PackageExplorer" StartDate="2016-01-16 16:30:53.732 JST" StructureHandle="=test_han" StructureKind="java" NumEvents="12" CreationCount="182"/><InteractionEvent Delta="null" EndDate="2016-01-17 14:32:32.951 JST" Interest="286.76202" Kind="propagation" Navigation="org.eclipse.mylyn.core.model.edges.containment" OriginId="org.eclipse.mylyn.core.model.interest.propagation" StartDate="2016-01-16 14:01:38.337 JST" StructureHandle="=test_han" StructureKind="resource" NumEvents="288" CreationCount="182"/><InteractionEvent Delta="null" EndDate="2016-01-19 15:44:13.869 JST" Interest="1.0" Kind="selection" Navigation="null" OriginId="org.eclipse.ui.navigator.ProjectExplorer" StartDate="2016-01-19 15:44:13.869 JST" StructureHandle="=test12" StructureKind="java"/><InteractionEvent Delta="null" EndDate="2016-01-15 17:39:36.726 JST" Interest="4.0" Kind="selection" Navigation="null" OriginId="org.eclipse.jdt.ui.PackageExplorer" StartDate="2016-01-15 17:39:24.667 JST" StructureHandle="/Test2/.classpath" StructureKind="resource" NumEvents="4" CreationCount="91"/><InteractionEvent Delta="null" EndDate="2016-01-15 17:42:24.5 JST" Interest="86.0" Kind="propagation" Navigation="null" OriginId="org.eclipse.jdt.ui.CompilationUnitEditor" StartDate="2016-01-15 17:24:39.147 JST" StructureHandle="/TestJava" StructureKind="resource" NumEvents="86" CreationCount="9"/><InteractionEvent Delta="null" EndDate="2016-01-19 15:43:47.708 JST" Interest="1.0" Kind="propagation" Navigation="null" OriginId="org.eclipse.ui.navigator.ProjectExplorer" StartDate="2016-01-19 15:43:47.708 JST" StructureHandle="/customtest" StructureKind="resource"/><InteractionEvent Delta="null" EndDate="2016-01-19 15:43:55.492 JST" Interest="1.0" Kind="propagation" Navigation="null" OriginId="org.eclipse.ui.navigator.ProjectExplorer" StartDate="2016-01-19 15:43:55.492 JST" StructureHandle="/FirstProject" StructureKind="resource"/><InteractionEvent Delta="null" EndDate="2016-01-20 14:11:10.299 JST" Interest="2.0" Kind="edit" Navigation="null" OriginId="org.eclipse.jdt.ui.CompilationUnitEditor" StartDate="2016-01-20 14:11:10.252 JST" StructureHandle="=danamic_test1/src&amp;lt;test2{package-info.java" StructureKind="java" NumEvents="2" CreationCount="1196"/><InteractionEvent Delta="null" EndDate="2016-01-20 14:13:02.635 JST" Interest="4.0" Kind="selection" Navigation="null" OriginId="org.eclipse.ui.navigator.ProjectExplorer" StartDate="2016-01-20 14:11:10.18 JST" StructureHandle="=danamic_test1/src&amp;lt;test2{package-info.java" StructureKind="java" NumEvents="4" CreationCount="1196"/><InteractionEvent Delta="null" EndDate="2016-01-20 14:11:09.737 JST" Interest="1.0" Kind="propagation" Navigation="null" OriginId="org.eclipse.mylyn.resources.ui.interest.updater" StartDate="2016-01-20 14:11:09.737 JST" StructureHandle="=danamic_test1/src&amp;lt;test2{package-info.java" StructureKind="java"/><InteractionEvent Delta="null" EndDate="2016-01-18 14:47:54.94 JST" Interest="40.0" Kind="propagation" Navigation="null" OriginId="org.eclipse.jdt.ui.CompilationUnitEditor" StartDate="2016-01-17 15:03:09.918 JST" StructureHandle="/Test_han1" StructureKind="resource" NumEvents="40" CreationCount="589"/><InteractionEvent Delta="null" EndDate="2016-01-15 17:46:06.56 JST" Interest="58.0" Kind="propagation" Navigation="null" OriginId="org.eclipse.jdt.ui.CompilationUnitEditor" StartDate="2016-01-15 17:41:35.645 JST" StructureHandle="/test222" StructureKind="resource" NumEvents="58" CreationCount="106"/><InteractionEvent Delta="null" EndDate="2016-01-15 17:33:45.491 JST" Interest="4.0" Kind="edit" Navigation="null" OriginId="org.eclipse.jdt.ui.CompilationUnitEditor" StartDate="2016-01-15 17:25:55.228 JST" StructureHandle="=TestJava/src&amp;lt;{demo.java[demo" StructureKind="java" NumEvents="4" CreationCount="1"/><InteractionEvent Delta="null" EndDate="2016-01-15 17:33:05.430 JST" Interest="2.0" Kind="selection" Navigation="null" OriginId="org.eclipse.ui.views.ContentOutline" StartDate="2016-01-15 17:25:54.199 JST" StructureHandle="=TestJava/src&amp;lt;{demo.java[demo" StructureKind="java" NumEvents="2" CreationCount="1"/><InteractionEvent Delta="null" EndDate="2016-01-15 17:40:34.898 JST" Interest="12.405999" Kind="propagation" Navigation="org.eclipse.mylyn.core.model.edges.containment" OriginId="org.eclipse.mylyn.core.model.interest.propagation" StartDate="2016-01-15 17:29:19.433 JST" StructureHandle="=TestJava/src&amp;lt;{demo.java[demo" StructureKind="java" NumEvents="15" CreationCount="1"/><InteractionEvent Delta="null" EndDate="2016-01-19 15:44:00.47 JST" Interest="1.0" Kind="selection" Navigation="null" OriginId="org.eclipse.ui.navigator.ProjectExplorer" StartDate="2016-01-19 15:44:00.47 JST" StructureHandle="=testhello" StructureKind="java"/><InteractionEvent Delta="null" EndDate="2016-01-20 18:48:06.56 JST" Interest="768.839" Kind="propagation" Navigation="null" OriginId="org.eclipse.jdt.ui.PackageExplorer" StartDate="2016-01-15 16:51:25.448 JST" StructureHandle="/" StructureKind="resource" NumEvents="773" CreationCount="1"/><InteractionEvent Delta="null" EndDate="2016-01-18 18:21:36.853 JST" Interest="1.0" Kind="selection" Navigation="null" OriginId="org.eclipse.ui.views.ContentOutline" StartDate="2016-01-18 18:21:36.853 JST" StructureHandle="=project1/src&amp;lt;com.sample{HelloWorld.java%com.sample" StructureKind="java"/><InteractionEvent Delta="null" EndDate="2016-01-20 16:40:56.213 JST" Interest="14.0" Kind="selection" Navigation="null" OriginId="org.eclipse.ui.navigator.ProjectExplorer" StartDate="2016-01-20 14:11:20.813 JST" StructureHandle="=danamic_test1" StructureKind="java" NumEvents="14" CreationCount="1196"/><InteractionEvent Delta="null" EndDate="2016-01-20 14:13:26.128 JST" Interest="8.0" Kind="propagation" Navigation="org.eclipse.mylyn.core.model.edges.containment" OriginId="org.eclipse.mylyn.core.model.interest.propagation" StartDate="2016-01-20 14:11:09.753 JST" StructureHandle="=danamic_test1" StructureKind="resource" NumEvents="8" CreationCount="1196"/><InteractionEvent Delta="null" EndDate="2016-01-18 18:58:18.319 JST" Interest="1.0" Kind="selection" Navigation="null" OriginId="org.eclipse.jdt.ui.PackageExplorer" StartDate="2016-01-18 18:58:18.319 JST" StructureHandle="=jsprest" StructureKind="java"/><InteractionEvent Delta="null" EndDate="2016-01-18 16:03:06.500 JST" Interest="5.0" Kind="propagation" Navigation="org.eclipse.mylyn.core.model.edges.containment" OriginId="org.eclipse.mylyn.core.model.interest.propagation" StartDate="2016-01-18 16:02:57.873 JST" StructureHandle="=jsprest" StructureKind="resource" NumEvents="5" CreationCount="801"/><InteractionEvent Delta="null" EndDate="2016-01-18 16:41:12.122 JST" Interest="54.0" Kind="propagation" Navigation="null" OriginId="org.eclipse.jdt.ui.CompilationUnitEditor" StartDate="2016-01-18 16:34:37.98 JST" StructureHandle="/jsp_test/src/main.java" StructureKind="resource" NumEvents="54" CreationCount="811"/><InteractionEvent Delta="null" EndDate="2016-01-20 18:43:52.553 JST" Interest="91.0" Kind="edit" Navigation="null" OriginId="org.eclipse.jst.pagedesigner.PageDesignerEditor" StartDate="2016-01-19 15:45:23.882 JST" StructureHandle="/static_test1/WebContent/static_test1.html" StructureKind="resource" NumEvents="91" CreationCount="1132"/><InteractionEvent Delta="null" EndDate="2016-01-20 18:46:14.0 JST" Interest="44.0" Kind="selection" Navigation="null" OriginId="org.eclipse.jst.pagedesigner.PageDesignerEditor" StartDate="2016-01-19 15:45:23.804 JST" StructureHandle="/static_test1/WebContent/static_test1.html" StructureKind="resource" NumEvents="44" CreationCount="1132"/><InteractionEvent Delta="null" EndDate="2016-01-19 15:45:23.554 JST" Interest="1.0" Kind="propagation" Navigation="null" OriginId="org.eclipse.mylyn.resources.ui.interest.updater" StartDate="2016-01-19 15:45:23.554 JST" StructureHandle="/static_test1/WebContent/static_test1.html" StructureKind="resource"/><InteractionEvent Delta="null" EndDate="2016-01-18 18:30:26.271 JST" Interest="26.0" Kind="propagation" Navigation="null" OriginId="org.eclipse.jdt.ui.CompilationUnitEditor" StartDate="2016-01-18 18:16:09.970 JST" StructureHandle="/project1/src/com/back" StructureKind="resource" NumEvents="26" CreationCount="945"/><InteractionEvent Delta="null" EndDate="2016-01-17 14:32:32.951 JST" Interest="23.0" Kind="edit" Navigation="null" OriginId="org.eclipse.wb.core.guiEditor" StartDate="2016-01-16 14:03:14.807 JST" StructureHandle="=test_han/src&amp;lt;han1{demo.java[demo~main~\[QString;" StructureKind="java" NumEvents="23" CreationCount="171"/><InteractionEvent Delta="null" EndDate="2016-01-17 14:30:33.358 JST" Interest="20.0" Kind="selection" Navigation="null" OriginId="org.eclipse.wb.core.guiEditor" StartDate="2016-01-16 14:03:13.965 JST" StructureHandle="=test_han/src&amp;lt;han1{demo.java[demo~main~\[QString;" StructureKind="java" NumEvents="20" CreationCount="171"/><InteractionEvent Delta="null" EndDate="2016-01-16 16:25:55.881 JST" Interest="1.0" Kind="selection" Navigation="null" OriginId="org.eclipse.jdt.ui.PackageExplorer" StartDate="2016-01-16 16:25:55.881 JST" StructureHandle="=test_han/src" StructureKind="java"/><InteractionEvent Delta="null" EndDate="2016-01-16 16:42:03.909 JST" Interest="102.17" Kind="propagation" Navigation="org.eclipse.mylyn.core.model.edges.containment" OriginId="org.eclipse.mylyn.core.model.interest.propagation" StartDate="2016-01-16 14:01:38.337 JST" StructureHandle="=test_han/src" StructureKind="java" NumEvents="135" CreationCount="1"/><InteractionEvent Delta="null" EndDate="2016-01-19 15:44:09.2 JST" Interest="1.0" Kind="propagation" Navigation="null" OriginId="org.eclipse.ui.navigator.ProjectExplorer" StartDate="2016-01-19 15:44:09.2 JST" StructureHandle="/test2" StructureKind="resource"/><InteractionEvent Delta="null" EndDate="2016-01-17 14:46:27.320 JST" Interest="26.0" Kind="edit" Navigation="null" OriginId="org.eclipse.jdt.ui.CompilationUnitEditor" StartDate="2016-01-17 14:40:08.364 JST" StructureHandle="=Test_han1/src&amp;lt;{test_demo.java[test_demo~main~\[QString;" StructureKind="java" NumEvents="26" CreationCount="472"/><InteractionEvent Delta="null" EndDate="2016-01-17 14:56:23.959 JST" Interest="4.0" Kind="selection" Navigation="null" OriginId="org.eclipse.ui.views.ContentOutline" StartDate="2016-01-17 14:40:06.835 JST" StructureHandle="=Test_han1/src&amp;lt;{test_demo.java[test_demo~main~\[QString;" StructureKind="java" NumEvents="4" CreationCount="472"/><InteractionEvent Delta="null" EndDate="2016-01-15 17:46:06.56 JST" Interest="34.751" Kind="propagation" Navigation="org.eclipse.mylyn.core.model.edges.containment" OriginId="org.eclipse.mylyn.core.model.interest.propagation" StartDate="2016-01-15 17:42:58.262 JST" StructureHandle="=test222/src" StructureKind="java" NumEvents="49" CreationCount="113"/><InteractionEvent Delta="null" EndDate="2016-01-16 16:37:32.687 JST" Interest="108.0" Kind="edit" Navigation="null" OriginId="org.eclipse.wst.html.core.htmlsource.source" StartDate="2016-01-16 16:19:45.895 JST" StructureHandle="/test_han/src/han1/Newhan.html" StructureKind="resource" NumEvents="108" CreationCount="211"/><InteractionEvent Delta="null" EndDate="2016-01-17 13:08:18.620 JST" Interest="24.0" Kind="selection" Navigation="null" OriginId="org.eclipse.ui.navigator.ProjectExplorer" StartDate="2016-01-16 16:19:45.817 JST" StructureHandle="/test_han/src/han1/Newhan.html" StructureKind="resource" NumEvents="24" CreationCount="37"/><InteractionEvent Delta="null" EndDate="2016-01-16 16:19:45.427 JST" Interest="1.0" Kind="propagation" Navigation="null" OriginId="org.eclipse.mylyn.resources.ui.interest.updater" StartDate="2016-01-16 16:19:45.427 JST" StructureHandle="/test_han/src/han1/Newhan.html" StructureKind="resource"/><InteractionEvent Delta="null" EndDate="2016-01-19 15:43:39.455 JST" Interest="2.0" Kind="selection" Navigation="null" OriginId="org.eclipse.ui.navigator.ProjectExplorer" StartDate="2016-01-19 15:43:30.875 JST" StructureHandle="=bigproject" StructureKind="java" NumEvents="2" CreationCount="1062"/><InteractionEvent Delta="null" EndDate="2016-01-18 18:57:41.971 JST" Interest="125.0" Kind="propagation" Navigation="null" OriginId="org.eclipse.jdt.ui.PackageExplorer" StartDate="2016-01-17 15:06:17.711 JST" StructureHandle="/test1_demo" StructureKind="resource" NumEvents="125" CreationCount="607"/><InteractionEvent Delta="null" EndDate="2016-01-18 16:03:01.804 JST" Interest="1.0" Kind="selection" Navigation="null" OriginId="org.eclipse.jdt.ui.CompilationUnitEditor" StartDate="2016-01-18 16:03:01.804 JST" StructureHandle="=jsprest/src&amp;lt;{testclass.java[testclass~main~\[QString;" StructureKind="java"/><InteractionEvent Delta="null" EndDate="2016-01-16 16:36:03.408 JST" Interest="5.0" Kind="selection" Navigation="null" OriginId="org.eclipse.jdt.ui.PackageExplorer" StartDate="2016-01-15 17:39:30.517 JST" StructureHandle="=Test2" StructureKind="java" NumEvents="5" CreationCount="80"/><InteractionEvent Delta="null" EndDate="2016-01-15 17:40:20.94 JST" Interest="8.0" Kind="propagation" Navigation="org.eclipse.mylyn.core.model.edges.containment" OriginId="org.eclipse.mylyn.core.model.interest.propagation" StartDate="2016-01-15 17:39:04.122 JST" StructureHandle="=Test2" StructureKind="java" NumEvents="8" CreationCount="80"/><InteractionEvent Delta="null" EndDate="2016-01-18 16:03:06.500 JST" Interest="5.0" Kind="propagation" Navigation="org.eclipse.mylyn.core.model.edges.containment" OriginId="org.eclipse.mylyn.core.model.interest.propagation" StartDate="2016-01-18 16:02:57.873 JST" StructureHandle="/jsprest/src" StructureKind="resource" NumEvents="5" CreationCount="801"/><InteractionEvent Delta="null" EndDate="2016-01-18 18:30:26.271 JST" Interest="122.0" Kind="propagation" Navigation="null" OriginId="org.eclipse.jdt.ui.CompilationUnitEditor" StartDate="2016-01-18 18:04:24.162 JST" StructureHandle="/project1/src" StructureKind="resource" NumEvents="122" CreationCount="865"/><InteractionEvent Delta="null" EndDate="2016-01-18 14:19:33.722 JST" Interest="36.0" Kind="propagation" Navigation="null" OriginId="org.eclipse.ui.navigator.ProjectExplorer" StartDate="2016-01-16 16:42:03.909 JST" StructureHandle="/test_han" StructureKind="resource" NumEvents="36" CreationCount="393"/><InteractionEvent Delta="null" EndDate="2016-01-18 18:21:36.650 JST" Interest="3.0" Kind="selection" Navigation="null" OriginId="org.eclipse.ui.views.ContentOutline" StartDate="2016-01-18 18:08:40.533 JST" StructureHandle="=project1/src&amp;lt;com.sample{HelloWorld.java[HelloWorld" StructureKind="java" NumEvents="3" CreationCount="867"/><InteractionEvent Delta="null" EndDate="2016-01-18 18:21:32.984 JST" Interest="50.3" Kind="propagation" Navigation="org.eclipse.mylyn.core.model.edges.containment" OriginId="org.eclipse.mylyn.core.model.interest.propagation" StartDate="2016-01-18 18:04:47.390 JST" StructureHandle="=project1/src&amp;lt;com.sample{HelloWorld.java[HelloWorld" StructureKind="java" NumEvents="71" CreationCount="867"/><InteractionEvent Delta="null" EndDate="2016-01-18 18:22:59.985 JST" Interest="60.334" Kind="propagation" Navigation="org.eclipse.mylyn.core.model.edges.containment" OriginId="org.eclipse.mylyn.core.model.interest.propagation" StartDate="2016-01-18 18:04:24.162 JST" StructureHandle="=project1/src&amp;lt;com.sample" StructureKind="java" NumEvents="82" CreationCount="865"/><InteractionEvent Delta="null" EndDate="2016-01-20 14:11:12.265 JST" Interest="1.0" Kind="selection" Navigation="null" OriginId="org.eclipse.ui.views.ContentOutline" StartDate="2016-01-20 14:11:12.265 JST" StructureHandle="=danamic_test1/src&amp;lt;test2{package-info.java%test2" StructureKind="java"/><InteractionEvent Delta="null" EndDate="2016-01-16 16:36:20.163 JST" Interest="5.0" Kind="selection" Navigation="null" OriginId="org.eclipse.jdt.ui.PackageExplorer" StartDate="2016-01-15 16:51:31.220 JST" StructureHandle="=TestJava" StructureKind="java" NumEvents="5" CreationCount="1"/><InteractionEvent Delta="null" EndDate="2016-01-15 17:42:24.5 JST" Interest="85.0" Kind="propagation" Navigation="org.eclipse.mylyn.core.model.edges.containment" OriginId="org.eclipse.mylyn.core.model.interest.propagation" StartDate="2016-01-15 16:51:25.448 JST" StructureHandle="=TestJava" StructureKind="resource" NumEvents="87" CreationCount="1"/><InteractionEvent Delta="null" EndDate="2016-01-20 18:48:06.56 JST" Interest="183.0" Kind="propagation" Navigation="null" OriginId="org.eclipse.jdt.ui.PackageExplorer" StartDate="2016-01-19 15:43:22.763 JST" StructureHandle="/static_test1" StructureKind="resource" NumEvents="183" CreationCount="1061"/><InteractionEvent Delta="null" EndDate="2016-01-18 18:04:24.162 JST" Interest="1.0" Kind="propagation" Navigation="null" OriginId="org.eclipse.mylyn.resources.ui.interest.updater" StartDate="2016-01-18 18:04:24.162 JST" StructureHandle="=project1/src&amp;lt;com" StructureKind="java"/><InteractionEvent Delta="null" EndDate="2016-01-18 14:59:59.511 JST" Interest="105.0" Kind="edit" Navigation="null" OriginId="org.eclipse.jst.jsp.core.jspsource.source" StartDate="2016-01-17 15:06:18.54 JST" StructureHandle="/test1_demo/WebContent/index.jsp" StructureKind="resource" NumEvents="105" CreationCount="639"/><InteractionEvent Delta="null" EndDate="2016-01-18 14:49:05.464 JST" Interest="10.0" Kind="selection" Navigation="null" OriginId="org.eclipse.jst.jsp.core.jspsource.source" StartDate="2016-01-17 15:06:18.8 JST" StructureHandle="/test1_demo/WebContent/index.jsp" StructureKind="resource" NumEvents="10" CreationCount="607"/><InteractionEvent Delta="null" EndDate="2016-01-17 15:06:17.696 JST" Interest="1.0" Kind="propagation" Navigation="null" OriginId="org.eclipse.mylyn.resources.ui.interest.updater" StartDate="2016-01-17 15:06:17.696 JST" StructureHandle="/test1_demo/WebContent/index.jsp" StructureKind="resource"/><InteractionEvent Delta="null" EndDate="2016-01-18 18:20:29.320 JST" Interest="1.0" Kind="selection" Navigation="null" OriginId="org.eclipse.ui.views.ContentOutline" StartDate="2016-01-18 18:20:29.320 JST" StructureHandle="=project1/src&amp;lt;com.back{custom1.java%com.back" StructureKind="java"/><InteractionEvent Delta="null" EndDate="2016-01-18 18:30:52.978 JST" Interest="20.0" Kind="edit" Navigation="null" OriginId="org.eclipse.wst.html.core.htmlsource.source" StartDate="2016-01-18 18:26:38.58 JST" StructureHandle="/project1/custom2.html" StructureKind="resource" NumEvents="20" CreationCount="981"/><InteractionEvent Delta="null" EndDate="2016-01-18 18:30:27.82 JST" Interest="7.0" Kind="selection" Navigation="null" OriginId="org.eclipse.wst.html.core.htmlsource.source" StartDate="2016-01-18 18:26:37.995 JST" StructureHandle="/project1/custom2.html" StructureKind="resource" NumEvents="7" CreationCount="981"/><InteractionEvent Delta="null" EndDate="2016-01-18 18:26:37.730 JST" Interest="1.0" Kind="propagation" Navigation="null" OriginId="org.eclipse.mylyn.resources.ui.interest.updater" StartDate="2016-01-18 18:26:37.730 JST" StructureHandle="/project1/custom2.html" StructureKind="resource"/><InteractionEvent Delta="null" EndDate="2016-01-15 17:46:06.56 JST" Interest="52.0" Kind="propagation" Navigation="org.eclipse.mylyn.core.model.edges.containment" OriginId="org.eclipse.mylyn.core.model.interest.propagation" StartDate="2016-01-15 17:42:58.262 JST" StructureHandle="/test222/src" StructureKind="resource" NumEvents="52" CreationCount="113"/><InteractionEvent Delta="null" EndDate="2016-01-15 17:45:36.431 JST" Interest="32.0" Kind="propagation" Navigation="org.eclipse.mylyn.core.model.edges.containment" OriginId="org.eclipse.mylyn.core.model.interest.propagation" StartDate="2016-01-15 17:43:00.992 JST" StructureHandle="=test222/src&amp;lt;{demo22.java[demo22" StructureKind="java" NumEvents="44" CreationCount="116"/><InteractionEvent Delta="null" EndDate="2016-01-18 18:50:39.523 JST" Interest="1.0" Kind="propagation" Navigation="org.eclipse.mylyn.core.model.edges.containment" OriginId="org.eclipse.mylyn.core.model.interest.propagation" StartDate="2016-01-18 18:50:39.523 JST" StructureHandle="=project1/src\/com\/sample" StructureKind="java"/><InteractionEvent Delta="null" EndDate="2016-01-18 18:23:47.534 JST" Interest="1.7" Kind="propagation" Navigation="org.eclipse.mylyn.core.model.edges.containment" OriginId="org.eclipse.mylyn.core.model.interest.propagation" StartDate="2016-01-18 18:23:05.960 JST" StructureHandle="=project1/src&amp;lt;com.back{custom1.java[custom1" StructureKind="java" NumEvents="2" CreationCount="975"/><InteractionEvent Delta="null" EndDate="2016-01-18 18:50:39.523 JST" Interest="1.0" Kind="propagation" Navigation="org.eclipse.mylyn.core.model.edges.containment" OriginId="org.eclipse.mylyn.core.model.interest.propagation" StartDate="2016-01-18 18:50:39.523 JST" StructureHandle="=project1/src\/com\/sample&amp;lt;" StructureKind="java"/><InteractionEvent Delta="null" EndDate="2016-01-18 16:03:01.804 JST" Interest="1.0" Kind="propagation" Navigation="org.eclipse.mylyn.core.model.edges.containment" OriginId="org.eclipse.mylyn.core.model.interest.propagation" StartDate="2016-01-18 16:03:01.804 JST" StructureHandle="=jsprest/src&amp;lt;{testclass.java[testclass" StructureKind="java"/><InteractionEvent Delta="null" EndDate="2016-01-15 18:25:29.255 JST" Interest="56.034" Kind="propagation" Navigation="org.eclipse.mylyn.core.model.edges.containment" OriginId="org.eclipse.mylyn.core.model.interest.propagation" StartDate="2016-01-15 16:51:25.448 JST" StructureHandle="=TestJava/src" StructureKind="java" NumEvents="68" CreationCount="1"/><InteractionEvent Delta="null" EndDate="2016-01-15 18:25:29.255 JST" Interest="91.0" Kind="propagation" Navigation="null" OriginId="org.eclipse.jdt.ui.CompilationUnitEditor" StartDate="2016-01-15 16:51:25.448 JST" StructureHandle="/TestJava/src" StructureKind="resource" NumEvents="91" CreationCount="1"/><InteractionEvent Delta="null" EndDate="2016-01-17 14:43:32.69 JST" Interest="6.0" Kind="edit" Navigation="null" OriginId="org.eclipse.wst.xml.ui.internal.tabletree.XMLMultiPageEditorPart" StartDate="2016-01-17 14:36:18.825 JST" StructureHandle="/demo/.project" StructureKind="resource" NumEvents="6" CreationCount="463"/><InteractionEvent Delta="null" EndDate="2016-01-19 15:34:55.279 JST" Interest="10.0" Kind="selection" Navigation="null" OriginId="org.eclipse.jdt.ui.PackageExplorer" StartDate="2016-01-17 14:36:18.716 JST" StructureHandle="/demo/.project" StructureKind="resource" NumEvents="10" CreationCount="463"/><InteractionEvent Delta="null" EndDate="2016-01-18 14:47:54.94 JST" Interest="34.0" Kind="edit" Navigation="null" OriginId="org.eclipse.jdt.ui.CompilationUnitEditor" StartDate="2016-01-17 14:41:23.447 JST" StructureHandle="=Test_han1/src&amp;lt;{test_demo.java" StructureKind="java" NumEvents="34" CreationCount="469"/><InteractionEvent Delta="null" EndDate="2016-01-18 14:47:54.16 JST" Interest="41.0" Kind="selection" Navigation="null" OriginId="org.eclipse.jdt.ui.CompilationUnitEditor" StartDate="2016-01-17 14:40:03.169 JST" StructureHandle="=Test_han1/src&amp;lt;{test_demo.java" StructureKind="java" NumEvents="41" CreationCount="469"/><InteractionEvent Delta="null" EndDate="2016-01-17 14:40:59.345 JST" Interest="16.551003" Kind="propagation" Navigation="org.eclipse.mylyn.core.model.edges.containment" OriginId="org.eclipse.mylyn.core.model.interest.propagation" StartDate="2016-01-17 14:40:02.810 JST" StructureHandle="=Test_han1/src&amp;lt;{test_demo.java" StructureKind="java" NumEvents="24" CreationCount="469"/><InteractionEvent Delta="null" EndDate="2016-01-18 18:30:26.271 JST" Interest="25.0" Kind="propagation" Navigation="null" OriginId="org.eclipse.jdt.ui.CompilationUnitEditor" StartDate="2016-01-18 18:16:09.970 JST" StructureHandle="/project1/src/com/back/custom1.java" StructureKind="resource" NumEvents="25" CreationCount="945"/><InteractionEvent Delta="null" EndDate="2016-01-18 16:33:47.693 JST" Interest="2.0" Kind="selection" Navigation="null" OriginId="org.eclipse.jdt.ui.CompilationUnitEditor" StartDate="2016-01-18 16:33:47.537 JST" StructureHandle="=jsp_test/src&amp;lt;{sample_jsp.java" StructureKind="java" NumEvents="2" CreationCount="805"/><InteractionEvent Delta="null" EndDate="2016-01-18 16:33:57.677 JST" Interest="1.1509998" Kind="propagation" Navigation="org.eclipse.mylyn.core.model.edges.containment" OriginId="org.eclipse.mylyn.core.model.interest.propagation" StartDate="2016-01-18 16:33:47.287 JST" StructureHandle="=jsp_test/src&amp;lt;{sample_jsp.java" StructureKind="java" NumEvents="2" CreationCount="805"/><InteractionEvent Delta="null" EndDate="2016-01-18 16:33:57.677 JST" Interest="3.0" Kind="edit" Navigation="null" OriginId="org.eclipse.jdt.ui.CompilationUnitEditor" StartDate="2016-01-18 16:33:55.758 JST" StructureHandle="=jsp_test/src&amp;lt;{sample_jsp.java[sample_jsp~main~\[QString;" StructureKind="java" NumEvents="3" CreationCount="808"/><InteractionEvent Delta="null" EndDate="2016-01-18 16:33:51.343 JST" Interest="1.0" Kind="selection" Navigation="null" OriginId="org.eclipse.jdt.ui.CompilationUnitEditor" StartDate="2016-01-18 16:33:51.343 JST" StructureHandle="=jsp_test/src&amp;lt;{sample_jsp.java[sample_jsp~main~\[QString;" StructureKind="java"/><InteractionEvent Delta="null" EndDate="2016-01-18 18:23:47.534 JST" Interest="1.0" Kind="edit" Navigation="null" OriginId="org.eclipse.jdt.ui.CompilationUnitEditor" StartDate="2016-01-18 18:23:47.534 JST" StructureHandle="=project1/src&amp;lt;com.back{custom1.java[custom1~main~\[QString;" StructureKind="java"/><InteractionEvent Delta="null" EndDate="2016-01-18 18:23:05.960 JST" Interest="1.0" Kind="selection" Navigation="null" OriginId="org.eclipse.jdt.ui.CompilationUnitEditor" StartDate="2016-01-18 18:23:05.960 JST" StructureHandle="=project1/src&amp;lt;com.back{custom1.java[custom1~main~\[QString;" StructureKind="java"/><InteractionEvent Delta="null" EndDate="2016-01-18 18:57:41.971 JST" Interest="7.0" Kind="selection" Navigation="null" OriginId="org.eclipse.jdt.ui.PackageExplorer" StartDate="2016-01-17 15:06:37.398 JST" StructureHandle="=test1_demo" StructureKind="java" NumEvents="7" CreationCount="607"/><InteractionEvent Delta="null" EndDate="2016-01-18 14:59:59.511 JST" Interest="80.044" Kind="propagation" Navigation="org.eclipse.mylyn.core.model.edges.containment" OriginId="org.eclipse.mylyn.core.model.interest.propagation" StartDate="2016-01-17 15:06:17.711 JST" StructureHandle="=test1_demo" StructureKind="java" NumEvents="111" CreationCount="607"/><InteractionEvent Delta="null" EndDate="2016-01-20 14:13:26.128 JST" Interest="10.0" Kind="propagation" Navigation="null" OriginId="org.eclipse.ui.navigator.ProjectExplorer" StartDate="2016-01-20 14:11:09.753 JST" StructureHandle="/danamic_test1/src" StructureKind="resource" NumEvents="10" CreationCount="1196"/><InteractionEvent Delta="null" EndDate="2016-01-18 18:50:39.523 JST" Interest="1.0" Kind="selection" Navigation="null" OriginId="org.eclipse.jdt.ui.CompilationUnitEditor" StartDate="2016-01-18 18:50:39.523 JST" StructureHandle="=project1/src\/com\/sample&amp;lt;{HelloWorld.java" StructureKind="java"/><InteractionEvent Delta="null" EndDate="2016-01-19 15:44:18.377 JST" Interest="1.0" Kind="propagation" Navigation="null" OriginId="org.eclipse.ui.navigator.ProjectExplorer" StartDate="2016-01-19 15:44:18.377 JST" StructureHandle="/test_demo" StructureKind="resource"/><InteractionEvent Delta="null" EndDate="2016-01-18 16:41:07.193 JST" Interest="32.4" Kind="propagation" Navigation="org.eclipse.mylyn.core.model.edges.containment" OriginId="org.eclipse.mylyn.core.model.interest.propagation" StartDate="2016-01-18 16:34:40.265 JST" StructureHandle="=jsp_test/src&amp;lt;{main.java[main" StructureKind="java" NumEvents="45" CreationCount="815"/><InteractionEvent Delta="null" EndDate="2016-01-15 17:32:11.64 JST" Interest="1.0" Kind="selection" Navigation="null" OriginId="org.eclipse.ui.navigator.ProjectExplorer" StartDate="2016-01-15 17:32:11.64 JST" StructureHandle="=TestJava/src&amp;lt;" StructureKind="java"/><InteractionEvent Delta="null" EndDate="2016-01-15 18:25:29.255 JST" Interest="55.034" Kind="propagation" Navigation="org.eclipse.mylyn.core.model.edges.containment" OriginId="org.eclipse.mylyn.core.model.interest.propagation" StartDate="2016-01-15 16:51:25.448 JST" StructureHandle="=TestJava/src&amp;lt;" StructureKind="java" NumEvents="66" CreationCount="1"/><InteractionEvent Delta="null" EndDate="2016-01-19 15:43:39.455 JST" Interest="2.0" Kind="propagation" Navigation="null" OriginId="org.eclipse.ui.navigator.ProjectExplorer" StartDate="2016-01-19 15:43:30.875 JST" StructureHandle="/bigproject" StructureKind="resource" NumEvents="2" CreationCount="1062"/><InteractionEvent Delta="null" EndDate="2016-01-17 14:54:42.59 JST" Interest="2.0" Kind="propagation" Navigation="null" OriginId="org.eclipse.ui.navigator.ProjectExplorer" StartDate="2016-01-17 14:54:41.966 JST" StructureHandle="/Test_han1/src/WebContent" StructureKind="resource" NumEvents="2" CreationCount="569"/><InteractionEvent Delta="null" EndDate="2016-01-20 16:40:53.920 JST" Interest="13.0" Kind="selection" Navigation="null" OriginId="org.eclipse.ui.navigator.ProjectExplorer" StartDate="2016-01-19 15:44:44.866 JST" StructureHandle="/static_test1/WebContent" StructureKind="resource" NumEvents="13" CreationCount="1075"/><InteractionEvent Delta="null" EndDate="2016-01-20 18:46:14.0 JST" Interest="96.669" Kind="propagation" Navigation="org.eclipse.mylyn.core.model.edges.containment" OriginId="org.eclipse.mylyn.core.model.interest.propagation" StartDate="2016-01-19 15:45:23.804 JST" StructureHandle="/static_test1/WebContent" StructureKind="resource" NumEvents="122" CreationCount="1075"/><InteractionEvent Delta="null" EndDate="2016-01-19 15:44:00.47 JST" Interest="1.0" Kind="propagation" Navigation="null" OriginId="org.eclipse.ui.navigator.ProjectExplorer" StartDate="2016-01-19 15:44:00.47 JST" StructureHandle="/testhello" StructureKind="resource"/><InteractionEvent Delta="null" EndDate="2016-01-18 18:58:11.253 JST" Interest="1.0" Kind="selection" Navigation="null" OriginId="org.eclipse.jdt.ui.PackageExplorer" StartDate="2016-01-18 18:58:11.253 JST" StructureHandle="=jsp_test" StructureKind="java"/><InteractionEvent Delta="null" EndDate="2016-01-18 16:41:12.122 JST" Interest="61.0" Kind="propagation" Navigation="org.eclipse.mylyn.core.model.edges.containment" OriginId="org.eclipse.mylyn.core.model.interest.propagation" StartDate="2016-01-18 16:33:47.287 JST" StructureHandle="=jsp_test" StructureKind="resource" NumEvents="61" CreationCount="805"/><InteractionEvent Delta="null" EndDate="2016-01-19 15:43:52.824 JST" Interest="1.0" Kind="selection" Navigation="null" OriginId="org.eclipse.ui.navigator.ProjectExplorer" StartDate="2016-01-19 15:43:52.824 JST" StructureHandle="=demo1" StructureKind="java"/><InteractionEvent Delta="null" EndDate="2016-01-17 14:32:32.967 JST" Interest="290.0" Kind="propagation" Navigation="null" OriginId="org.eclipse.wb.core.guiEditor" StartDate="2016-01-16 14:01:38.337 JST" StructureHandle="/test_han/src" StructureKind="resource" NumEvents="290" CreationCount="168"/><InteractionEvent Delta="null" EndDate="2016-01-17 15:04:27.700 JST" Interest="7.0" Kind="selection" Navigation="null" OriginId="org.eclipse.ui.navigator.ProjectExplorer" StartDate="2016-01-17 14:46:50.143 JST" StructureHandle="=Test_han1/src" StructureKind="java" NumEvents="7" CreationCount="469"/><InteractionEvent Delta="null" EndDate="2016-01-18 14:47:54.94 JST" Interest="74.351006" Kind="propagation" Navigation="org.eclipse.mylyn.core.model.edges.containment" OriginId="org.eclipse.mylyn.core.model.interest.propagation" StartDate="2016-01-17 14:40:02.810 JST" StructureHandle="=Test_han1/src" StructureKind="java" NumEvents="97" CreationCount="469"/><InteractionEvent Delta="null" EndDate="2016-01-15 17:42:24.5 JST" Interest="30.0" Kind="edit" Navigation="null" OriginId="org.eclipse.jdt.ui.CompilationUnitEditor" StartDate="2016-01-15 17:23:51.255 JST" StructureHandle="=TestJava/src&amp;lt;{demo.java" StructureKind="java" NumEvents="30" CreationCount="3"/><InteractionEvent Delta="null" EndDate="2016-01-15 18:25:29.255 JST" Interest="35.0" Kind="selection" Navigation="null" OriginId="org.eclipse.jdt.ui.CompilationUnitEditor" StartDate="2016-01-15 16:51:25.448 JST" StructureHandle="=TestJava/src&amp;lt;{demo.java" StructureKind="java" NumEvents="35" CreationCount="3"/><InteractionEvent Delta="null" EndDate="2016-01-18 16:03:06.500 JST" Interest="3.0" Kind="selection" Navigation="null" OriginId="org.eclipse.jdt.ui.CompilationUnitEditor" StartDate="2016-01-18 16:02:58.138 JST" StructureHandle="=jsprest/src&amp;lt;{testclass.java" StructureKind="java" NumEvents="3" CreationCount="801"/><InteractionEvent Delta="null" EndDate="2016-01-18 16:02:57.873 JST" Interest="1.0" Kind="propagation" Navigation="null" OriginId="org.eclipse.mylyn.resources.ui.interest.updater" StartDate="2016-01-18 16:02:57.873 JST" StructureHandle="=jsprest/src&amp;lt;{testclass.java" StructureKind="java"/><InteractionEvent Delta="null" EndDate="2016-01-16 16:30:58.849 JST" Interest="2.0" Kind="selection" Navigation="null" OriginId="org.eclipse.jdt.ui.PackageExplorer" StartDate="2016-01-16 16:25:13.246 JST" StructureHandle="=test_han/src&amp;lt;han1" StructureKind="java" NumEvents="2" CreationCount="168"/><InteractionEvent Delta="null" EndDate="2016-01-16 16:39:05.663 JST" Interest="98.33099" Kind="propagation" Navigation="org.eclipse.mylyn.core.model.edges.containment" OriginId="org.eclipse.mylyn.core.model.interest.propagation" StartDate="2016-01-16 14:01:38.337 JST" StructureHandle="=test_han/src&amp;lt;han1" StructureKind="java" NumEvents="133" CreationCount="168"/><InteractionEvent Delta="null" EndDate="2016-01-18 16:41:12.122 JST" Interest="61.0" Kind="propagation" Navigation="null" OriginId="org.eclipse.jdt.ui.CompilationUnitEditor" StartDate="2016-01-18 16:33:47.287 JST" StructureHandle="/jsp_test/src" StructureKind="resource" NumEvents="61" CreationCount="805"/><InteractionEvent Delta="null" EndDate="2016-01-17 14:56:35.206 JST" Interest="5.0" Kind="edit" Navigation="null" OriginId="org.eclipse.jdt.ui.CompilationUnitEditor" StartDate="2016-01-17 14:43:38.247 JST" StructureHandle="=Test_han1/src&amp;lt;{test_demo.java[test_demo" StructureKind="java" NumEvents="5" CreationCount="472"/><InteractionEvent Delta="null" EndDate="2016-01-17 14:56:24.941 JST" Interest="5.0" Kind="selection" Navigation="null" OriginId="org.eclipse.ui.views.ContentOutline" StartDate="2016-01-17 14:42:49.934 JST" StructureHandle="=Test_han1/src&amp;lt;{test_demo.java[test_demo" StructureKind="java" NumEvents="5" CreationCount="472"/><InteractionEvent Delta="null" EndDate="2016-01-17 14:40:59.345 JST" Interest="18.5" Kind="propagation" Navigation="org.eclipse.mylyn.core.model.edges.containment" OriginId="org.eclipse.mylyn.core.model.interest.propagation" StartDate="2016-01-17 14:40:06.835 JST" StructureHandle="=Test_han1/src&amp;lt;{test_demo.java[test_demo" StructureKind="java" NumEvents="26" CreationCount="472"/><InteractionEvent Delta="null" EndDate="2016-01-15 17:46:06.56 JST" Interest="1.0" Kind="edit" Navigation="null" OriginId="org.eclipse.jdt.ui.CompilationUnitEditor" StartDate="2016-01-15 17:46:06.56 JST" StructureHandle="=test222/src&amp;lt;{demo22.java" StructureKind="java"/><InteractionEvent Delta="null" EndDate="2016-01-15 17:45:48.599 JST" Interest="6.0" Kind="selection" Navigation="null" OriginId="org.eclipse.ui.navigator.ProjectExplorer" StartDate="2016-01-15 17:42:58.403 JST" StructureHandle="=test222/src&amp;lt;{demo22.java" StructureKind="java" NumEvents="6" CreationCount="113"/><InteractionEvent Delta="null" EndDate="2016-01-15 17:45:36.447 JST" Interest="28.051" Kind="propagation" Navigation="org.eclipse.mylyn.core.model.edges.containment" OriginId="org.eclipse.mylyn.core.model.interest.propagation" StartDate="2016-01-15 17:42:58.262 JST" StructureHandle="=test222/src&amp;lt;{demo22.java" StructureKind="java" NumEvents="41" CreationCount="113"/><InteractionEvent Delta="null" EndDate="2016-01-18 18:29:56.802 JST" Interest="1.0" Kind="selection" Navigation="null" OriginId="org.eclipse.jdt.ui.PackageExplorer" StartDate="2016-01-18 18:29:56.802 JST" StructureHandle="=project1/src" StructureKind="java"/><InteractionEvent Delta="null" EndDate="2016-01-18 18:22:59.985 JST" Interest="60.334" Kind="propagation" Navigation="org.eclipse.mylyn.core.model.edges.containment" OriginId="org.eclipse.mylyn.core.model.interest.propagation" StartDate="2016-01-18 18:04:24.162 JST" StructureHandle="=project1/src" StructureKind="java" NumEvents="81" CreationCount="865"/><InteractionEvent Delta="null" EndDate="2016-01-15 18:25:29.255 JST" Interest="90.0" Kind="propagation" Navigation="null" OriginId="org.eclipse.jdt.ui.CompilationUnitEditor" StartDate="2016-01-15 16:51:25.448 JST" StructureHandle="/TestJava/src/demo.java" StructureKind="resource" NumEvents="90" CreationCount="1"/><InteractionEvent Delta="null" EndDate="2016-01-20 14:13:02.635 JST" Interest="8.0" Kind="propagation" Navigation="null" OriginId="org.eclipse.ui.navigator.ProjectExplorer" StartDate="2016-01-20 14:11:09.753 JST" StructureHandle="/danamic_test1/src/test2/package-info.java" StructureKind="resource" NumEvents="8" CreationCount="1196"/><InteractionEvent Delta="null" EndDate="2016-01-17 15:04:22.302 JST" Interest="5.0" Kind="selection" Navigation="null" OriginId="org.eclipse.ui.navigator.ProjectExplorer" StartDate="2016-01-17 14:49:13.476 JST" StructureHandle="=Test_han1/src&amp;lt;" StructureKind="java" NumEvents="5" CreationCount="469"/><InteractionEvent Delta="null" EndDate="2016-01-18 14:47:54.94 JST" Interest="76.351006" Kind="propagation" Navigation="org.eclipse.mylyn.core.model.edges.containment" OriginId="org.eclipse.mylyn.core.model.interest.propagation" StartDate="2016-01-17 14:40:02.810 JST" StructureHandle="=Test_han1/src&amp;lt;" StructureKind="java" NumEvents="98" CreationCount="469"/><InteractionEvent Delta="null" EndDate="2016-01-18 18:21:32.984 JST" Interest="69.0" Kind="edit" Navigation="null" OriginId="org.eclipse.jdt.ui.CompilationUnitEditor" StartDate="2016-01-18 18:04:51.634 JST" StructureHandle="=project1/src&amp;lt;com.sample{HelloWorld.java[HelloWorld~main~\[QString;" StructureKind="java" NumEvents="69" CreationCount="867"/><InteractionEvent Delta="null" EndDate="2016-01-18 18:23:00.16 JST" Interest="5.0" Kind="selection" Navigation="null" OriginId="org.eclipse.jdt.ui.CompilationUnitEditor" StartDate="2016-01-18 18:04:47.390 JST" StructureHandle="=project1/src&amp;lt;com.sample{HelloWorld.java[HelloWorld~main~\[QString;" StructureKind="java" NumEvents="5" CreationCount="867"/><InteractionEvent Delta="null" EndDate="2016-01-17 14:53:26.415 JST" Interest="5.0" Kind="selection" Navigation="null" OriginId="org.eclipse.ui.navigator.ProjectExplorer" StartDate="2016-01-17 14:51:53.251 JST" StructureHandle="/Test_han1/WebContent" StructureKind="resource" NumEvents="5" CreationCount="555"/><InteractionEvent Delta="null" EndDate="2016-01-17 14:51:53.158 JST" Interest="1.0" Kind="propagation" Navigation="null" OriginId="org.eclipse.mylyn.resources.ui.interest.updater" StartDate="2016-01-17 14:51:53.158 JST" StructureHandle="/Test_han1/WebContent" StructureKind="resource"/><InteractionEvent Delta="null" EndDate="2016-01-18 18:50:39.523 JST" Interest="95.0" Kind="propagation" Navigation="null" OriginId="org.eclipse.jdt.ui.CompilationUnitEditor" StartDate="2016-01-18 18:04:24.162 JST" StructureHandle="/project1/src/com/sample" StructureKind="resource" NumEvents="95" CreationCount="865"/><InteractionEvent Delta="null" EndDate="2016-01-15 17:46:06.56 JST" Interest="34.751" Kind="propagation" Navigation="org.eclipse.mylyn.core.model.edges.containment" OriginId="org.eclipse.mylyn.core.model.interest.propagation" StartDate="2016-01-15 17:42:58.262 JST" StructureHandle="=test222/src&amp;lt;" StructureKind="java" NumEvents="49" CreationCount="113"/><InteractionEvent Delta="null" EndDate="2016-01-19 15:44:09.2 JST" Interest="1.0" Kind="selection" Navigation="null" OriginId="org.eclipse.ui.navigator.ProjectExplorer" StartDate="2016-01-19 15:44:09.2 JST" StructureHandle="=test2" StructureKind="java"/><InteractionEvent Delta="null" EndDate="2016-01-19 15:34:32.191 JST" Interest="1.0" Kind="selection" Navigation="null" OriginId="org.eclipse.jdt.ui.PackageExplorer" StartDate="2016-01-19 15:34:32.191 JST" StructureHandle="=hanweb" StructureKind="java"/><InteractionEvent Delta="null" EndDate="2016-01-18 19:18:52.672 JST" Interest="10.5" Kind="propagation" Navigation="org.eclipse.mylyn.core.model.edges.containment" OriginId="org.eclipse.mylyn.core.model.interest.propagation" StartDate="2016-01-18 19:08:45.909 JST" StructureHandle="=hanweb" StructureKind="java" NumEvents="12" CreationCount="1024"/><InteractionEvent Delta="null" EndDate="2016-01-18 18:10:02.698 JST" Interest="2.0" Kind="edit" Navigation="null" OriginId="org.eclipse.jdt.ui.CompilationUnitEditor" StartDate="2016-01-18 18:08:14.278 JST" StructureHandle="=project1/src&amp;lt;com.sample{HelloWorld.java" StructureKind="java" NumEvents="2" CreationCount="865"/><InteractionEvent Delta="null" EndDate="2016-01-18 18:22:59.985 JST" Interest="12.0" Kind="selection" Navigation="null" OriginId="org.eclipse.jdt.ui.CompilationUnitEditor" StartDate="2016-01-18 18:04:24.380 JST" StructureHandle="=project1/src&amp;lt;com.sample{HelloWorld.java" StructureKind="java" NumEvents="12" CreationCount="865"/><InteractionEvent Delta="null" EndDate="2016-01-18 18:07:34.732 JST" Interest="46.934" Kind="propagation" Navigation="org.eclipse.mylyn.core.model.edges.containment" OriginId="org.eclipse.mylyn.core.model.interest.propagation" StartDate="2016-01-18 18:04:24.162 JST" StructureHandle="=project1/src&amp;lt;com.sample{HelloWorld.java" StructureKind="java" NumEvents="67" CreationCount="865"/><InteractionEvent Delta="null" EndDate="2016-01-18 18:23:00.32 JST" Interest="94.0" Kind="propagation" Navigation="org.eclipse.mylyn.core.model.edges.containment" OriginId="org.eclipse.mylyn.core.model.interest.propagation" StartDate="2016-01-18 18:04:24.162 JST" StructureHandle="/project1/src/com" StructureKind="resource" NumEvents="94" CreationCount="865"/><InteractionEvent Delta="null" EndDate="2016-01-19 15:44:13.869 JST" Interest="1.0" Kind="propagation" Navigation="null" OriginId="org.eclipse.ui.navigator.ProjectExplorer" StartDate="2016-01-19 15:44:13.869 JST" StructureHandle="/test12" StructureKind="resource"/><InteractionEvent Delta="null" EndDate="2016-01-18 16:03:06.500 JST" Interest="4.0" Kind="propagation" Navigation="org.eclipse.mylyn.core.model.edges.containment" OriginId="org.eclipse.mylyn.core.model.interest.propagation" StartDate="2016-01-18 16:02:57.873 JST" StructureHandle="=jsprest/src&amp;lt;" StructureKind="java" NumEvents="4" CreationCount="801"/><InteractionEvent Delta="null" EndDate="2016-01-20 14:13:02.635 JST" Interest="9.0" Kind="propagation" Navigation="null" OriginId="org.eclipse.ui.navigator.ProjectExplorer" StartDate="2016-01-20 14:11:09.753 JST" StructureHandle="/danamic_test1/src/test2" StructureKind="resource" NumEvents="9" CreationCount="1196"/><InteractionEvent Delta="null" EndDate="2016-01-18 19:13:56.755 JST" Interest="12.0" Kind="edit" Navigation="null" OriginId="org.eclipse.wst.html.core.htmlsource.source" StartDate="2016-01-18 19:09:56.733 JST" StructureHandle="/han2/Newhan.html" StructureKind="resource" NumEvents="12" CreationCount="1030"/><InteractionEvent Delta="null" EndDate="2016-01-18 19:17:40.459 JST" Interest="6.0" Kind="selection" Navigation="null" OriginId="org.eclipse.jdt.ui.PackageExplorer" StartDate="2016-01-18 19:09:56.717 JST" StructureHandle="/han2/Newhan.html" StructureKind="resource" NumEvents="6" CreationCount="1030"/><InteractionEvent Delta="null" EndDate="2016-01-18 19:09:56.608 JST" Interest="1.0" Kind="propagation" Navigation="null" OriginId="org.eclipse.mylyn.resources.ui.interest.updater" StartDate="2016-01-18 19:09:56.608 JST" StructureHandle="/han2/Newhan.html" StructureKind="resource"/><InteractionEvent Delta="null" EndDate="2016-01-19 15:43:55.492 JST" Interest="1.0" Kind="selection" Navigation="null" OriginId="org.eclipse.ui.navigator.ProjectExplorer" StartDate="2016-01-19 15:43:55.492 JST" StructureHandle="=FirstProject" StructureKind="java"/><InteractionEvent Delta="null" EndDate="2016-01-15 17:46:06.56 JST" Interest="52.0" Kind="propagation" Navigation="null" OriginId="org.eclipse.jdt.ui.CompilationUnitEditor" StartDate="2016-01-15 17:42:58.262 JST" StructureHandle="/test222/src/demo22.java" StructureKind="resource" NumEvents="52" CreationCount="113"/><InteractionEvent Delta="null" EndDate="2016-01-18 16:41:12.122 JST" Interest="33.57" Kind="propagation" Navigation="org.eclipse.mylyn.core.model.edges.containment" OriginId="org.eclipse.mylyn.core.model.interest.propagation" StartDate="2016-01-18 16:33:47.287 JST" StructureHandle="=jsp_test/src&amp;lt;" StructureKind="java" NumEvents="50" CreationCount="805"/><InteractionEvent Delta="null" EndDate="2016-01-19 15:34:47.58 JST" Interest="4.0" Kind="selection" Navigation="null" OriginId="org.eclipse.jdt.ui.PackageExplorer" StartDate="2016-01-18 19:17:46.325 JST" StructureHandle="=han2" StructureKind="java" NumEvents="4" CreationCount="1030"/><InteractionEvent Delta="null" EndDate="2016-01-18 19:17:40.459 JST" Interest="15.4" Kind="propagation" Navigation="org.eclipse.mylyn.core.model.edges.containment" OriginId="org.eclipse.mylyn.core.model.interest.propagation" StartDate="2016-01-18 19:09:56.608 JST" StructureHandle="=han2" StructureKind="java" NumEvents="19" CreationCount="1030"/><InteractionEvent Delta="null" EndDate="2016-01-19 15:44:04.525 JST" Interest="1.0" Kind="propagation" Navigation="null" OriginId="org.eclipse.ui.navigator.ProjectExplorer" StartDate="2016-01-19 15:44:04.525 JST" StructureHandle="/testdemo" StructureKind="resource"/><InteractionEvent Delta="null" EndDate="2016-01-15 17:40:22.200 JST" Interest="7.0" Kind="edit" Navigation="null" OriginId="org.eclipse.jdt.ui.CompilationUnitEditor" StartDate="2016-01-15 17:29:17.30 JST" StructureHandle="=TestJava/src&amp;lt;{demo.java[demo~main~\[QString;" StructureKind="java" NumEvents="7" CreationCount="19"/><InteractionEvent Delta="null" EndDate="2016-01-15 17:40:34.898 JST" Interest="12.0" Kind="selection" Navigation="null" OriginId="org.eclipse.jdt.ui.CompilationUnitEditor" StartDate="2016-01-15 17:29:15.439 JST" StructureHandle="=TestJava/src&amp;lt;{demo.java[demo~main~\[QString;" StructureKind="java" NumEvents="12" CreationCount="19"/><InteractionEvent Delta="null" EndDate="2016-01-19 15:34:32.191 JST" Interest="13.0" Kind="propagation" Navigation="null" OriginId="org.eclipse.jdt.ui.PackageExplorer" StartDate="2016-01-18 19:08:45.909 JST" StructureHandle="/hanweb" StructureKind="resource" NumEvents="13" CreationCount="1024"/><InteractionEvent Delta="null" EndDate="2016-01-18 18:24:06.176 JST" Interest="7.0" Kind="edit" Navigation="null" OriginId="org.eclipse.jdt.ui.CompilationUnitEditor" StartDate="2016-01-18 18:16:18.737 JST" StructureHandle="=project1/src&amp;lt;com.back{custom1.java" StructureKind="java" NumEvents="7" CreationCount="945"/><InteractionEvent Delta="null" EndDate="2016-01-18 18:30:26.271 JST" Interest="14.0" Kind="selection" Navigation="null" OriginId="org.eclipse.jdt.ui.CompilationUnitEditor" StartDate="2016-01-18 18:16:10.48 JST" StructureHandle="=project1/src&amp;lt;com.back{custom1.java" StructureKind="java" NumEvents="14" CreationCount="945"/><InteractionEvent Delta="null" EndDate="2016-01-18 18:16:09.970 JST" Interest="1.0" Kind="propagation" Navigation="null" OriginId="org.eclipse.mylyn.resources.ui.interest.updater" StartDate="2016-01-18 18:16:09.970 JST" StructureHandle="=project1/src&amp;lt;com.back{custom1.java" StructureKind="java"/><InteractionEvent Delta="null" EndDate="2016-01-15 17:45:09.724 JST" Interest="40.0" Kind="edit" Navigation="null" OriginId="org.eclipse.jdt.ui.CompilationUnitEditor" StartDate="2016-01-15 17:43:04.939 JST" StructureHandle="=test222/src&amp;lt;{demo22.java[demo22~main~\[QString;" StructureKind="java" NumEvents="40" CreationCount="116"/><InteractionEvent Delta="null" EndDate="2016-01-15 17:45:36.431 JST" Interest="4.0" Kind="selection" Navigation="null" OriginId="org.eclipse.jdt.ui.CompilationUnitEditor" StartDate="2016-01-15 17:43:00.992 JST" StructureHandle="=test222/src&amp;lt;{demo22.java[demo22~main~\[QString;" StructureKind="java" NumEvents="4" CreationCount="116"/><InteractionEvent Delta="null" EndDate="2016-01-18 18:58:04.529 JST" Interest="4.0" Kind="selection" Navigation="null" OriginId="org.eclipse.jdt.ui.PackageExplorer" StartDate="2016-01-18 18:08:16.212 JST" StructureHandle="=project1" StructureKind="java" NumEvents="4" CreationCount="865"/><InteractionEvent Delta="null" EndDate="2016-01-18 18:30:26.271 JST" Interest="119.0" Kind="propagation" Navigation="org.eclipse.mylyn.core.model.edges.containment" OriginId="org.eclipse.mylyn.core.model.interest.propagation" StartDate="2016-01-18 18:04:24.162 JST" StructureHandle="=project1" StructureKind="resource" NumEvents="119" CreationCount="865"/><InteractionEvent Delta="null" EndDate="2016-01-15 17:40:20.94 JST" Interest="9.0" Kind="selection" Navigation="null" OriginId="org.eclipse.wst.xml.ui.internal.tabletree.XMLMultiPageEditorPart" StartDate="2016-01-15 17:39:04.122 JST" StructureHandle="/Test2/.project" StructureKind="resource" NumEvents="9" CreationCount="80"/><InteractionEvent Delta="null" EndDate="2016-01-18 18:58:22.578 JST" Interest="49.0" Kind="propagation" Navigation="null" OriginId="org.eclipse.jdt.ui.PackageExplorer" StartDate="2016-01-18 15:04:14.104 JST" StructureHandle="/jsptest" StructureKind="resource" NumEvents="49" CreationCount="754"/><InteractionEvent Delta="null" EndDate="2016-01-18 14:47:54.94 JST" Interest="116.0" Kind="propagation" Navigation="null" OriginId="org.eclipse.jdt.ui.CompilationUnitEditor" StartDate="2016-01-17 14:40:02.810 JST" StructureHandle="/Test_han1/src/test_demo.java" StructureKind="resource" NumEvents="116" CreationCount="469"/><InteractionEvent Delta="null" EndDate="2016-01-18 16:33:57.677 JST" Interest="7.0" Kind="propagation" Navigation="null" OriginId="org.eclipse.jdt.ui.CompilationUnitEditor" StartDate="2016-01-18 16:33:47.287 JST" StructureHandle="/jsp_test/src/sample_jsp.java" StructureKind="resource" NumEvents="7" CreationCount="805"/><InteractionEvent Delta="null" EndDate="2016-01-18 16:33:57.677 JST" Interest="3.1" Kind="propagation" Navigation="org.eclipse.mylyn.core.model.edges.containment" OriginId="org.eclipse.mylyn.core.model.interest.propagation" StartDate="2016-01-18 16:33:51.343 JST" StructureHandle="=jsp_test/src&amp;lt;{sample_jsp.java[sample_jsp" StructureKind="java" NumEvents="4" CreationCount="808"/><InteractionEvent Delta="null" EndDate="2016-01-17 14:30:27.944 JST" Interest="52.0" Kind="edit" Navigation="null" OriginId="org.eclipse.wb.core.guiEditor" StartDate="2016-01-16 16:06:32.711 JST" StructureHandle="=test_han/src&amp;lt;han1{demo.java" StructureKind="java" NumEvents="52" CreationCount="168"/><InteractionEvent Delta="null" EndDate="2016-01-17 14:30:23.810 JST" Interest="49.0" Kind="selection" Navigation="null" OriginId="org.eclipse.wb.core.guiEditor" StartDate="2016-01-16 14:03:09.862 JST" StructureHandle="=test_han/src&amp;lt;han1{demo.java" StructureKind="java" NumEvents="49" CreationCount="168"/><InteractionEvent Delta="null" EndDate="2016-01-16 16:12:32.58 JST" Interest="13.051001" Kind="propagation" Navigation="org.eclipse.mylyn.core.model.edges.containment" OriginId="org.eclipse.mylyn.core.model.interest.propagation" StartDate="2016-01-16 14:03:09.300 JST" StructureHandle="=test_han/src&amp;lt;han1{demo.java" StructureKind="java" NumEvents="20" CreationCount="168"/><InteractionEvent Delta="null" EndDate="2016-01-20 14:13:26.128 JST" Interest="1.0" Kind="selection" Navigation="null" OriginId="org.eclipse.ui.navigator.ProjectExplorer" StartDate="2016-01-20 14:13:26.128 JST" StructureHandle="=danamic_test1/src" StructureKind="java"/><InteractionEvent Delta="null" EndDate="2016-01-20 14:13:02.635 JST" Interest="6.4" Kind="propagation" Navigation="org.eclipse.mylyn.core.model.edges.containment" OriginId="org.eclipse.mylyn.core.model.interest.propagation" StartDate="2016-01-20 14:11:09.753 JST" StructureHandle="=danamic_test1/src" StructureKind="java" NumEvents="8" CreationCount="1196"/><InteractionEvent Delta="null" EndDate="2016-01-18 16:41:07.193 JST" Interest="42.0" Kind="edit" Navigation="null" OriginId="org.eclipse.jdt.ui.CompilationUnitEditor" StartDate="2016-01-18 16:34:41.856 JST" StructureHandle="=jsp_test/src&amp;lt;{main.java[main~main~\[QString;" StructureKind="java" NumEvents="42" CreationCount="815"/><InteractionEvent Delta="null" EndDate="2016-01-18 16:40:58.691 JST" Interest="3.0" Kind="selection" Navigation="null" OriginId="org.eclipse.jdt.ui.CompilationUnitEditor" StartDate="2016-01-18 16:34:40.265 JST" StructureHandle="=jsp_test/src&amp;lt;{main.java[main~main~\[QString;" StructureKind="java" NumEvents="3" CreationCount="815"/><InteractionEvent Delta="null" EndDate="2016-01-15 17:42:39.433 JST" Interest="3.0" Kind="edit" Navigation="null" OriginId="org.eclipse.wst.xml.ui.internal.tabletree.XMLMultiPageEditorPart" StartDate="2016-01-15 17:42:31.243 JST" StructureHandle="/test222/.project" StructureKind="resource" NumEvents="3" CreationCount="106"/><InteractionEvent Delta="null" EndDate="2016-01-15 17:42:27.733 JST" Interest="2.0" Kind="selection" Navigation="null" OriginId="org.eclipse.wst.xml.ui.internal.tabletree.XMLMultiPageEditorPart" StartDate="2016-01-15 17:41:35.645 JST" StructureHandle="/test222/.project" StructureKind="resource" NumEvents="2" CreationCount="106"/><InteractionEvent Delta="null" EndDate="2016-01-16 16:12:32.58 JST" Interest="2.0" Kind="edit" Navigation="null" OriginId="org.eclipse.jdt.ui.CompilationUnitEditor" StartDate="2016-01-16 16:12:32.58 JST" StructureHandle="=test_han/src&amp;lt;han1{demo.java[demo" StructureKind="java" NumEvents="2" CreationCount="171"/><InteractionEvent Delta="null" EndDate="2016-01-17 13:08:29.353 JST" Interest="6.0" Kind="selection" Navigation="null" OriginId="org.eclipse.ui.navigator.ProjectExplorer" StartDate="2016-01-16 16:05:31.996 JST" StructureHandle="=test_han/src&amp;lt;han1{demo.java[demo" StructureKind="java" NumEvents="6" CreationCount="171"/><InteractionEvent Delta="null" EndDate="2016-01-17 14:32:32.951 JST" Interest="28.699999" Kind="propagation" Navigation="org.eclipse.mylyn.core.model.edges.containment" OriginId="org.eclipse.mylyn.core.model.interest.propagation" StartDate="2016-01-16 14:03:13.965 JST" StructureHandle="=test_han/src&amp;lt;han1{demo.java[demo" StructureKind="java" NumEvents="37" CreationCount="171"/><InteractionEvent Delta="null" EndDate="2016-01-19 15:43:52.824 JST" Interest="1.0" Kind="propagation" Navigation="null" OriginId="org.eclipse.ui.navigator.ProjectExplorer" StartDate="2016-01-19 15:43:52.824 JST" StructureHandle="/demo1" StructureKind="resource"/><InteractionEvent Delta="null" EndDate="2016-01-18 16:41:12.122 JST" Interest="33.57" Kind="propagation" Navigation="org.eclipse.mylyn.core.model.edges.containment" OriginId="org.eclipse.mylyn.core.model.interest.propagation" StartDate="2016-01-18 16:33:47.287 JST" StructureHandle="=jsp_test/src" StructureKind="java" NumEvents="50" CreationCount="805"/><InteractionEvent Delta="null" EndDate="2016-01-18 18:57:53.359 JST" Interest="18.0" Kind="selection" Navigation="null" OriginId="org.eclipse.jdt.ui.PackageExplorer" StartDate="2016-01-17 14:42:41.198 JST" StructureHandle="=Test_han1" StructureKind="java" NumEvents="18" CreationCount="469"/><InteractionEvent Delta="null" EndDate="2016-01-18 14:47:54.94 JST" Interest="113.0" Kind="propagation" Navigation="org.eclipse.mylyn.core.model.edges.containment" OriginId="org.eclipse.mylyn.core.model.interest.propagation" StartDate="2016-01-17 14:40:02.810 JST" StructureHandle="=Test_han1" StructureKind="resource" NumEvents="115" CreationCount="469"/><InteractionEvent Delta="null" EndDate="2016-01-18 14:47:54.94 JST" Interest="130.0" Kind="propagation" Navigation="null" OriginId="org.eclipse.jdt.ui.CompilationUnitEditor" StartDate="2016-01-17 14:40:02.810 JST" StructureHandle="/Test_han1/src" StructureKind="resource" NumEvents="130" CreationCount="469"/><InteractionEvent Delta="null" EndDate="2016-01-20 16:40:56.213 JST" Interest="7.0" Kind="propagation" Navigation="null" OriginId="org.eclipse.ui.navigator.ProjectExplorer" StartDate="2016-01-20 14:25:15.214 JST" StructureHandle="/danamic_test1" StructureKind="resource" NumEvents="7" CreationCount="1214"/><InteractionEvent Delta="null" EndDate="2016-01-18 16:34:38.923 JST" Interest="1.0" Kind="edit" Navigation="null" OriginId="org.eclipse.jdt.ui.CompilationUnitEditor" StartDate="2016-01-18 16:34:38.923 JST" StructureHandle="=jsp_test/src&amp;lt;{main.java" StructureKind="java"/><InteractionEvent Delta="null" EndDate="2016-01-18 16:41:12.122 JST" Interest="5.0" Kind="selection" Navigation="null" OriginId="org.eclipse.jdt.ui.CompilationUnitEditor" StartDate="2016-01-18 16:34:37.270 JST" StructureHandle="=jsp_test/src&amp;lt;{main.java" StructureKind="java" NumEvents="5" CreationCount="811"/><InteractionEvent Delta="null" EndDate="2016-01-18 16:41:07.193 JST" Interest="27.768002" Kind="propagation" Navigation="org.eclipse.mylyn.core.model.edges.containment" OriginId="org.eclipse.mylyn.core.model.interest.propagation" StartDate="2016-01-18 16:34:37.98 JST" StructureHandle="=jsp_test/src&amp;lt;{main.java" StructureKind="java" NumEvents="41" CreationCount="811"/><InteractionEvent Delta="null" EndDate="2016-01-18 16:03:06.500 JST" Interest="5.0" Kind="propagation" Navigation="null" OriginId="org.eclipse.jdt.ui.CompilationUnitEditor" StartDate="2016-01-18 16:02:57.873 JST" StructureHandle="/jsprest/src/testclass.java" StructureKind="resource" NumEvents="5" CreationCount="801"/><InteractionEvent Delta="null" EndDate="2016-01-19 15:44:18.377 JST" Interest="1.0" Kind="selection" Navigation="null" OriginId="org.eclipse.ui.navigator.ProjectExplorer" StartDate="2016-01-19 15:44:18.377 JST" StructureHandle="=test_demo" StructureKind="java"/><InteractionEvent Delta="null" EndDate="2016-01-20 18:48:06.56 JST" Interest="34.0" Kind="selection" Navigation="null" OriginId="org.eclipse.jdt.ui.PackageExplorer" StartDate="2016-01-19 15:43:22.763 JST" StructureHandle="=static_test1" StructureKind="java" NumEvents="34" CreationCount="1061"/><InteractionEvent Delta="null" EndDate="2016-01-20 18:46:14.0 JST" Interest="78.907" Kind="propagation" Navigation="org.eclipse.mylyn.core.model.edges.containment" OriginId="org.eclipse.mylyn.core.model.interest.propagation" StartDate="2016-01-19 15:45:44.255 JST" StructureHandle="=static_test1" StructureKind="java" NumEvents="104" CreationCount="1061"/></InteractionHistory>